Date,Sector,Close
2024-09-13 04:00:00,Banking,43.85072326660156
2024-09-16 04:00:00,Banking,44.4221305847168
2024-09-17 04:00:00,Banking,44.6585807800293
2024-09-18 04:00:00,Banking,44.520652770996094
2024-09-19 04:00:00,Banking,45.01324462890625
2024-09-20 04:00:00,Banking,44.98368835449219
2024-09-23 04:00:00,Banking,44.92930603027344
2024-09-24 04:00:00,Banking,44.5535774230957
2024-09-25 04:00:00,Banking,44.28661346435547
2024-09-26 04:00:00,Banking,44.51403045654297
2024-09-27 04:00:00,Banking,44.6425666809082
2024-09-30 04:00:00,Banking,44.8106575012207
2024-10-01 04:00:00,Banking,44.5733528137207
2024-10-02 04:00:00,Banking,44.6227912902832
2024-10-03 04:00:00,Banking,44.3854866027832
2024-10-04 04:00:00,Banking,45.13694763183594
2024-10-07 04:00:00,Banking,44.58324432373047
2024-10-08 04:00:00,Banking,44.84031677246094
2024-10-09 04:00:00,Banking,45.2556037902832
2024-10-10 04:00:00,Banking,45.1171760559082
2024-10-11 04:00:00,Banking,45.98727798461914
2024-10-14 04:00:00,Banking,46.274024963378906
2024-10-15 04:00:00,Banking,46.37290191650391
2024-10-16 04:00:00,Banking,46.946380615234375
2024-10-17 04:00:00,Banking,47.07491683959961
2024-10-18 04:00:00,Banking,47.08480453491211
2024-10-21 04:00:00,Banking,46.70907974243164
2024-10-22 04:00:00,Banking,46.62009048461914
2024-10-23 04:00:00,Banking,46.58053970336914
2024-10-24 04:00:00,Banking,46.62009048461914
2024-10-25 04:00:00,Banking,46.105934143066406
2024-10-28 04:00:00,Banking,46.67941284179688
2024-10-29 04:00:00,Banking,46.39267349243164
2024-10-30 04:00:00,Banking,46.60031509399414
2024-10-31 04:00:00,Banking,45.957618713378906
2024-11-01 04:00:00,Banking,46.115821838378906
2024-11-04 04:00:00,Banking,46.115821838378906
2024-11-05 04:00:00,Banking,46.115821838378906
2024-11-06 04:00:00,Banking,46.115821838378906
2024-11-07 04:00:00,Banking,46.115821838378906
2024-11-08 04:00:00,Banking,46.115821838378906
2024-11-11 04:00:00,Banking,46.115821838378906
2024-11-12 04:00:00,Banking,46.115821838378906
2024-11-13 04:00:00,Banking,46.115821838378906
2024-11-14 04:00:00,Banking,46.115821838378906
2024-11-15 04:00:00,Banking,46.115821838378906
2024-11-18 04:00:00,Banking,46.115821838378906
2024-11-19 04:00:00,Banking,46.115821838378906
2024-11-20 04:00:00,Banking,46.115821838378906
2024-11-21 04:00:00,Banking,46.115821838378906
2024-11-22 04:00:00,Banking,46.115821838378906
2024-11-25 04:00:00,Banking,46.115821838378906
2024-11-26 04:00:00,Banking,46.115821838378906
2024-11-27 04:00:00,Banking,46.115821838378906
2024-11-28 04:00:00,Banking,46.115821838378906
2024-11-29 04:00:00,Banking,46.115821838378906
2024-12-02 04:00:00,Banking,46.115821838378906
2024-12-03 04:00:00,Banking,46.115821838378906
2024-12-04 04:00:00,Banking,46.115821838378906
2024-12-05 04:00:00,Banking,46.115821838378906
2024-12-06 04:00:00,Banking,46.115821838378906
2024-12-09 04:00:00,Banking,46.115821838378906
2024-12-10 04:00:00,Banking,46.115821838378906
2024-12-11 04:00:00,Banking,46.115821838378906
2024-12-12 04:00:00,Banking,46.115821838378906
2024-12-13 04:00:00,Banking,46.115821838378906
2024-12-16 04:00:00,Banking,46.115821838378906
2024-12-17 04:00:00,Banking,46.115821838378906
2024-12-18 04:00:00,Banking,46.115821838378906
2024-12-19 04:00:00,Banking,46.115821838378906
2024-12-20 04:00:00,Banking,46.115821838378906
2024-12-23 04:00:00,Banking,46.115821838378906
2024-12-24 04:00:00,Banking,46.115821838378906
2024-12-25 04:00:00,Banking,46.115821838378906
2024-12-26 04:00:00,Banking,46.115821838378906
2024-12-27 04:00:00,Banking,46.115821838378906
2024-12-30 04:00:00,Banking,46.115821838378906
2024-12-31 04:00:00,Banking,46.115821838378906
2025-01-01 04:00:00,Banking,46.115821838378906
2025-01-02 04:00:00,Banking,46.115821838378906
2025-01-03 04:00:00,Banking,46.115821838378906
2025-01-06 04:00:00,Banking,46.115821838378906
2025-01-07 04:00:00,Banking,46.115821838378906
2025-01-08 04:00:00,Banking,46.115821838378906
2025-01-09 04:00:00,Banking,46.115821838378906
2025-01-10 04:00:00,Banking,46.115821838378906
2025-01-13 04:00:00,Banking,46.115821838378906
2025-01-14 04:00:00,Banking,46.115821838378906
2025-01-15 04:00:00,Banking,46.115821838378906
2025-01-16 04:00:00,Banking,46.115821838378906
2025-01-17 04:00:00,Banking,46.115821838378906
2025-01-20 04:00:00,Banking,46.115821838378906
2025-01-21 04:00:00,Banking,46.115821838378906
2025-01-22 04:00:00,Banking,46.115821838378906
2025-01-23 04:00:00,Banking,46.115821838378906
2025-01-24 04:00:00,Banking,46.115821838378906
2025-01-27 04:00:00,Banking,46.115821838378906
2025-01-28 04:00:00,Banking,46.115821838378906
2025-01-29 04:00:00,Banking,46.115821838378906
2025-01-30 04:00:00,Banking,46.115821838378906
2025-01-31 04:00:00,Banking,46.115821838378906
2025-02-03 04:00:00,Banking,46.115821838378906
2025-02-04 04:00:00,Banking,46.115821838378906
2025-02-05 04:00:00,Banking,46.115821838378906
2025-02-06 04:00:00,Banking,46.115821838378906
2025-02-07 04:00:00,Banking,46.115821838378906
2025-02-10 04:00:00,Banking,46.115821838378906
2025-02-11 04:00:00,Banking,46.115821838378906
2025-02-12 04:00:00,Banking,46.115821838378906
2025-02-13 04:00:00,Banking,46.115821838378906
2025-02-14 04:00:00,Banking,46.115821838378906
2025-02-17 04:00:00,Banking,46.115821838378906
2025-02-18 04:00:00,Banking,46.115821838378906
2025-02-19 04:00:00,Banking,46.115821838378906
2025-02-20 04:00:00,Banking,46.115821838378906
2025-02-21 04:00:00,Banking,46.115821838378906
2025-02-24 04:00:00,Banking,46.115821838378906
2025-02-25 04:00:00,Banking,46.115821838378906
2025-02-26 04:00:00,Banking,46.115821838378906
2025-02-27 04:00:00,Banking,46.115821838378906
2025-02-28 04:00:00,Banking,46.115821838378906
2025-03-03 04:00:00,Banking,46.115821838378906
2025-03-04 04:00:00,Banking,46.115821838378906
2025-03-05 04:00:00,Banking,46.115821838378906
2025-03-06 04:00:00,Banking,46.115821838378906
2025-03-07 04:00:00,Banking,46.115821838378906
2025-03-10 04:00:00,Banking,47.68280029296875
2025-03-11 04:00:00,Banking,47.27567672729492
2025-03-12 04:00:00,Banking,47.34518432617188
2025-03-13 04:00:00,Banking,47.08700942993164
2025-03-14 04:00:00,Banking,48.17928695678711
2025-03-17 04:00:00,Banking,48.74528121948242
2025-03-18 04:00:00,Banking,48.68570327758789
2025-03-19 04:00:00,Banking,49.2219123840332
2025-03-20 04:00:00,Banking,49.29142379760742
2025-03-21 04:00:00,Banking,49.1126823425293
2025-03-24 04:00:00,Banking,49.97871780395508
2025-03-25 04:00:00,Banking,50.25776290893555
2025-03-26 04:00:00,Banking,50.10827255249024
2025-03-27 04:00:00,Banking,50.00861358642578
2025-03-28 04:00:00,Banking,49.04192733764648
2025-03-31 04:00:00,Banking,49.6398811340332
2025-04-01 04:00:00,Banking,49.58008193969727
2025-04-02 04:00:00,Banking,49.98868179321289
2025-04-03 04:00:00,Banking,47.52711868286133
2025-04-04 04:00:00,Banking,44.04903793334961
2025-04-07 04:00:00,Banking,43.939414978027344
2025-04-08 04:00:00,Banking,43.76999282836914
2025-04-09 04:00:00,Banking,47.06869125366211
2025-04-10 04:00:00,Banking,45.753196716308594
2025-04-11 04:00:00,Banking,46.51060104370117
2025-04-14 04:00:00,Banking,46.98896408081055
2025-04-15 04:00:00,Banking,47.10855484008789
2025-04-16 04:00:00,Banking,46.37107849121094
2025-04-17 04:00:00,Banking,46.49067306518555
2025-04-18 04:00:00,Banking,46.49067306518555
2025-04-21 04:00:00,Banking,45.49408721923828
2025-04-22 04:00:00,Banking,46.99892807006836
2025-04-23 04:00:00,Banking,47.5570182800293
2025-04-24 04:00:00,Banking,48.085205078125
2025-04-25 04:00:00,Banking,47.85599136352539
2025-04-28 04:00:00,Banking,48.00547790527344
2025-04-29 04:00:00,Banking,48.50376892089844
2025-04-30 04:00:00,Banking,48.59346389770508
2025-05-01 04:00:00,Banking,48.58349990844727
2025-05-02 04:00:00,Banking,49.59004592895508
2025-05-05 04:00:00,Banking,49.271141052246094
2025-05-06 04:00:00,Banking,48.99209976196289
2025-05-07 04:00:00,Banking,49.28110885620117
2025-05-08 04:00:00,Banking,49.6897087097168
2025-05-09 04:00:00,Banking,49.6897087097168
2025-05-12 04:00:00,Banking,50.69625854492188
2025-05-13 04:00:00,Banking,50.90554428100586
2025-05-14 04:00:00,Banking,50.76601791381836
2025-05-15 04:00:00,Banking,51.1048583984375
2025-05-16 04:00:00,Banking,51.41379928588867
2025-05-19 04:00:00,Banking,51.443695068359375
2025-05-20 04:00:00,Banking,51.16465377807617
2025-05-21 04:00:00,Banking,50.11824035644531
2025-05-22 04:00:00,Banking,50.05844497680664
2025-05-23 04:00:00,Banking,49.87905883789063
2025-05-26 04:00:00,Banking,49.87905883789063
2025-05-27 04:00:00,Banking,50.75605392456055
2025-05-28 04:00:00,Banking,50.417213439941406
2025-05-29 04:00:00,Banking,50.67632675170898
2025-05-30 04:00:00,Banking,50.78594970703125
2025-06-02 04:00:00,Banking,50.80588150024414
2025-06-03 04:00:00,Banking,50.90554428100586
2025-06-04 04:00:00,Banking,50.61653137207031
2025-06-05 04:00:00,Banking,50.477012634277344
2025-06-06 04:00:00,Banking,51.1048583984375
2025-06-09 04:00:00,Banking,50.82581329345703
2025-06-10 04:00:00,Banking,50.88561248779297
2025-06-11 04:00:00,Banking,50.82581329345703
2025-06-12 04:00:00,Banking,50.82581329345703
2025-06-13 04:00:00,Banking,49.789363861083984
2025-06-16 04:00:00,Banking,50.357418060302734
2025-06-17 04:00:00,Banking,50.06841278076172
2025-06-18 04:00:00,Banking,50.04848098754883
2025-06-19 04:00:00,Banking,50.04848098754883
2025-06-20 04:00:00,Banking,50.1879997253418
2025-06-23 04:00:00,Banking,50.81999969482422
2025-06-24 04:00:00,Banking,51.58000183105469
2025-06-25 04:00:00,Banking,51.40999984741211
2025-06-26 04:00:00,Banking,51.790000915527344
2025-06-27 04:00:00,Banking,51.93999862670898
2025-06-30 04:00:00,Banking,52.369998931884766
2025-07-01 04:00:00,Banking,52.65999984741211
2025-07-02 04:00:00,Banking,52.619998931884766
2025-07-03 04:00:00,Banking,53.18999862670898
2025-07-04 04:00:00,Banking,53.18999862670898
2025-07-07 04:00:00,Banking,52.68000030517578
2025-07-08 04:00:00,Banking,52.209999084472656
2025-07-09 04:00:00,Banking,52.400001525878906
2025-07-10 04:00:00,Banking,52.709999084472656
2025-07-11 04:00:00,Banking,52.15999984741211
2025-07-14 04:00:00,Banking,52.54999923706055
2025-07-15 04:00:00,Banking,51.650001525878906
2025-07-16 04:00:00,Banking,52.0099983215332
2025-07-17 04:00:00,Banking,52.5099983215332
2025-07-18 04:00:00,Banking,52.540000915527344
2025-07-21 04:00:00,Banking,52.38999938964844
2025-07-22 04:00:00,Banking,52.68000030517578
2025-07-23 04:00:00,Banking,53.09999847412109
2025-07-24 04:00:00,Banking,53.06999969482422
2025-07-25 04:00:00,Banking,53.43999862670898
2025-07-28 04:00:00,Banking,53.06999969482422
2025-07-29 04:00:00,Banking,52.79999923706055
2025-07-30 04:00:00,Banking,52.70000076293945
2025-07-31 04:00:00,Banking,52.369998931884766
2025-08-01 04:00:00,Banking,51.400001525878906
2025-08-04 04:00:00,Banking,51.90999984741211
2025-08-05 04:00:00,Banking,51.70000076293945
2025-08-06 04:00:00,Banking,51.95000076293945
2025-08-07 04:00:00,Banking,51.369998931884766
2025-08-08 04:00:00,Banking,51.84999847412109
2025-08-11 04:00:00,Banking,51.83000183105469
2025-08-12 04:00:00,Banking,52.459999084472656
2025-08-13 04:00:00,Banking,52.7599983215332
2025-08-14 04:00:00,Banking,53.0099983215332
2025-08-15 04:00:00,Banking,52.459999084472656
2025-08-18 04:00:00,Banking,52.5
2025-08-19 04:00:00,Banking,52.59999847412109
2025-08-20 04:00:00,Banking,52.869998931884766
2025-08-21 04:00:00,Banking,52.70000076293945
2025-08-22 04:00:00,Banking,53.56999969482422
2025-08-25 04:00:00,Banking,53.2599983215332
2025-08-26 04:00:00,Banking,53.66999816894531
2025-08-27 04:00:00,Banking,53.77999877929688
2025-08-28 04:00:00,Banking,53.84999847412109
2025-08-29 04:00:00,Banking,53.9900016784668
2025-09-01 04:00:00,Banking,53.9900016784668
2025-09-02 04:00:00,Banking,53.59000015258789
2025-09-03 04:00:00,Banking,53.5
2025-09-04 04:00:00,Banking,54.060001373291016
2025-09-05 04:00:00,Banking,53.06999969482422
2025-09-08 04:00:00,Banking,53.11000061035156
2025-09-09 04:00:00,Banking,53.34000015258789
2025-09-10 04:00:00,Banking,53.15999984741211
2025-09-11 04:00:00,Banking,54.02999877929688
2025-09-12 04:00:00,Banking,53.7599983215332
2024-09-13 04:00:00,FMCG,81.85951232910156
2024-09-16 04:00:00,FMCG,82.1813735961914
2024-09-17 04:00:00,FMCG,81.40110778808594
2024-09-18 04:00:00,FMCG,81.08899688720703
2024-09-19 04:00:00,FMCG,80.61109161376953
2024-09-20 04:00:00,FMCG,81.00122833251953
2024-09-23 04:00:00,FMCG,81.47088623046875
2024-09-24 04:00:00,FMCG,81.27478790283203
2024-09-25 04:00:00,FMCG,81.0688705444336
2024-09-26 04:00:00,FMCG,81.25517272949219
2024-09-27 04:00:00,FMCG,81.40225219726562
2024-09-30 04:00:00,FMCG,81.38263702392578
2024-10-01 04:00:00,FMCG,81.10810089111328
2024-10-02 04:00:00,FMCG,80.4217300415039
2024-10-03 04:00:00,FMCG,79.61772155761719
2024-10-04 04:00:00,FMCG,79.88245391845703
2024-10-07 04:00:00,FMCG,79.08824920654297
2024-10-08 04:00:00,FMCG,79.48043823242188
2024-10-09 04:00:00,FMCG,79.96089935302734
2024-10-10 04:00:00,FMCG,79.60791778564453
2024-10-11 04:00:00,FMCG,80.04914855957031
2024-10-14 04:00:00,FMCG,80.37271881103516
2024-10-15 04:00:00,FMCG,80.88258361816406
2024-10-16 04:00:00,FMCG,80.82374572753906
2024-10-17 04:00:00,FMCG,80.4609603881836
2024-10-18 04:00:00,FMCG,80.63744354248047
2024-10-21 04:00:00,FMCG,79.96089935302734
2024-10-22 04:00:00,FMCG,80.41193389892578
2024-10-23 04:00:00,FMCG,80.25505065917969
2024-10-24 04:00:00,FMCG,80.1471939086914
2024-10-25 04:00:00,FMCG,79.48043823242188
2024-10-28 04:00:00,FMCG,79.62752532958984
2024-10-29 04:00:00,FMCG,78.8431167602539
2024-10-30 04:00:00,FMCG,78.71564483642578
2024-10-31 04:00:00,FMCG,78.55876159667969
2024-11-01 04:00:00,FMCG,78.58818817138672
2024-11-04 04:00:00,FMCG,78.58818817138672
2024-11-05 04:00:00,FMCG,78.58818817138672
2024-11-06 04:00:00,FMCG,78.58818817138672
2024-11-07 04:00:00,FMCG,78.58818817138672
2024-11-08 04:00:00,FMCG,78.58818817138672
2024-11-11 04:00:00,FMCG,78.58818817138672
2024-11-12 04:00:00,FMCG,78.58818817138672
2024-11-13 04:00:00,FMCG,78.58818817138672
2024-11-14 04:00:00,FMCG,78.58818817138672
2024-11-15 04:00:00,FMCG,78.58818817138672
2024-11-18 04:00:00,FMCG,78.58818817138672
2024-11-19 04:00:00,FMCG,78.58818817138672
2024-11-20 04:00:00,FMCG,78.58818817138672
2024-11-21 04:00:00,FMCG,78.58818817138672
2024-11-22 04:00:00,FMCG,78.58818817138672
2024-11-25 04:00:00,FMCG,78.58818817138672
2024-11-26 04:00:00,FMCG,78.58818817138672
2024-11-27 04:00:00,FMCG,78.58818817138672
2024-11-28 04:00:00,FMCG,78.58818817138672
2024-11-29 04:00:00,FMCG,78.58818817138672
2024-12-02 04:00:00,FMCG,78.58818817138672
2024-12-03 04:00:00,FMCG,78.58818817138672
2024-12-04 04:00:00,FMCG,78.58818817138672
2024-12-05 04:00:00,FMCG,78.58818817138672
2024-12-06 04:00:00,FMCG,78.58818817138672
2024-12-09 04:00:00,FMCG,78.58818817138672
2024-12-10 04:00:00,FMCG,78.58818817138672
2024-12-11 04:00:00,FMCG,78.58818817138672
2024-12-12 04:00:00,FMCG,78.58818817138672
2024-12-13 04:00:00,FMCG,78.58818817138672
2024-12-16 04:00:00,FMCG,78.58818817138672
2024-12-17 04:00:00,FMCG,78.58818817138672
2024-12-18 04:00:00,FMCG,78.58818817138672
2024-12-19 04:00:00,FMCG,78.58818817138672
2024-12-20 04:00:00,FMCG,78.58818817138672
2024-12-23 04:00:00,FMCG,78.58818817138672
2024-12-24 04:00:00,FMCG,78.58818817138672
2024-12-25 04:00:00,FMCG,78.58818817138672
2024-12-26 04:00:00,FMCG,78.58818817138672
2024-12-27 04:00:00,FMCG,78.58818817138672
2024-12-30 04:00:00,FMCG,78.58818817138672
2024-12-31 04:00:00,FMCG,78.58818817138672
2025-01-01 04:00:00,FMCG,78.58818817138672
2025-01-02 04:00:00,FMCG,78.58818817138672
2025-01-03 04:00:00,FMCG,78.58818817138672
2025-01-06 04:00:00,FMCG,78.58818817138672
2025-01-07 04:00:00,FMCG,78.58818817138672
2025-01-08 04:00:00,FMCG,78.58818817138672
2025-01-09 04:00:00,FMCG,78.58818817138672
2025-01-10 04:00:00,FMCG,78.58818817138672
2025-01-13 04:00:00,FMCG,78.58818817138672
2025-01-14 04:00:00,FMCG,78.58818817138672
2025-01-15 04:00:00,FMCG,78.58818817138672
2025-01-16 04:00:00,FMCG,78.58818817138672
2025-01-17 04:00:00,FMCG,78.58818817138672
2025-01-20 04:00:00,FMCG,78.58818817138672
2025-01-21 04:00:00,FMCG,78.58818817138672
2025-01-22 04:00:00,FMCG,78.58818817138672
2025-01-23 04:00:00,FMCG,78.58818817138672
2025-01-24 04:00:00,FMCG,78.58818817138672
2025-01-27 04:00:00,FMCG,78.58818817138672
2025-01-28 04:00:00,FMCG,78.58818817138672
2025-01-29 04:00:00,FMCG,78.58818817138672
2025-01-30 04:00:00,FMCG,78.58818817138672
2025-01-31 04:00:00,FMCG,78.58818817138672
2025-02-03 04:00:00,FMCG,78.58818817138672
2025-02-04 04:00:00,FMCG,78.58818817138672
2025-02-05 04:00:00,FMCG,78.58818817138672
2025-02-06 04:00:00,FMCG,78.58818817138672
2025-02-07 04:00:00,FMCG,78.58818817138672
2025-02-10 04:00:00,FMCG,78.58818817138672
2025-02-11 04:00:00,FMCG,78.58818817138672
2025-02-12 04:00:00,FMCG,78.58818817138672
2025-02-13 04:00:00,FMCG,78.58818817138672
2025-02-14 04:00:00,FMCG,78.58818817138672
2025-02-17 04:00:00,FMCG,78.58818817138672
2025-02-18 04:00:00,FMCG,78.58818817138672
2025-02-19 04:00:00,FMCG,78.58818817138672
2025-02-20 04:00:00,FMCG,78.58818817138672
2025-02-21 04:00:00,FMCG,78.58818817138672
2025-02-24 04:00:00,FMCG,78.58818817138672
2025-02-25 04:00:00,FMCG,78.58818817138672
2025-02-26 04:00:00,FMCG,78.58818817138672
2025-02-27 04:00:00,FMCG,78.58818817138672
2025-02-28 04:00:00,FMCG,78.58818817138672
2025-03-03 04:00:00,FMCG,78.58818817138672
2025-03-04 04:00:00,FMCG,78.58818817138672
2025-03-05 04:00:00,FMCG,78.58818817138672
2025-03-06 04:00:00,FMCG,78.58818817138672
2025-03-07 04:00:00,FMCG,78.58818817138672
2025-03-10 04:00:00,FMCG,81.68400573730469
2025-03-11 04:00:00,FMCG,80.48858642578125
2025-03-12 04:00:00,FMCG,78.73990631103516
2025-03-13 04:00:00,FMCG,78.3743667602539
2025-03-14 04:00:00,FMCG,78.55220031738281
2025-03-17 04:00:00,FMCG,79.69822692871094
2025-03-18 04:00:00,FMCG,78.789306640625
2025-03-19 04:00:00,FMCG,78.789306640625
2025-03-20 04:00:00,FMCG,78.40399932861328
2025-03-21 04:00:00,FMCG,78.3743667602539
2025-03-24 04:00:00,FMCG,78.85903930664062
2025-03-25 04:00:00,FMCG,78.1439437866211
2025-03-26 04:00:00,FMCG,79.35563659667969
2025-03-27 04:00:00,FMCG,80.25942993164062
2025-03-28 04:00:00,FMCG,79.8621597290039
2025-03-31 04:00:00,FMCG,81.11357116699219
2025-04-01 04:00:00,FMCG,81.23275756835938
2025-04-02 04:00:00,FMCG,80.99439239501953
2025-04-03 04:00:00,FMCG,81.46118927001953
2025-04-04 04:00:00,FMCG,77.92544555664062
2025-04-07 04:00:00,FMCG,77.02164459228516
2025-04-08 04:00:00,FMCG,75.82981872558594
2025-04-09 04:00:00,FMCG,78.7696533203125
2025-04-10 04:00:00,FMCG,78.80937957763672
2025-04-11 04:00:00,FMCG,79.80256652832031
2025-04-14 04:00:00,FMCG,81.1632308959961
2025-04-15 04:00:00,FMCG,80.47793579101562
2025-04-16 04:00:00,FMCG,79.61386108398438
2025-04-17 04:00:00,FMCG,81.31221008300781
2025-04-18 04:00:00,FMCG,81.31221008300781
2025-04-21 04:00:00,FMCG,80.53752136230469
2025-04-22 04:00:00,FMCG,81.6796875
2025-04-23 04:00:00,FMCG,81.212890625
2025-04-24 04:00:00,FMCG,80.497802734375
2025-04-25 04:00:00,FMCG,80.28922271728516
2025-04-28 04:00:00,FMCG,80.02106475830078
2025-04-29 04:00:00,FMCG,80.6865005493164
2025-04-30 04:00:00,FMCG,81.2724838256836
2025-05-01 04:00:00,FMCG,80.56732177734375
2025-05-02 04:00:00,FMCG,81.00431823730469
2025-05-05 04:00:00,FMCG,80.93479919433594
2025-05-06 04:00:00,FMCG,80.7957534790039
2025-05-07 04:00:00,FMCG,80.92487335205078
2025-05-08 04:00:00,FMCG,80.82554626464844
2025-05-09 04:00:00,FMCG,80.35875701904297
2025-05-12 04:00:00,FMCG,80.47793579101562
2025-05-13 04:00:00,FMCG,79.3953628540039
2025-05-14 04:00:00,FMCG,78.96829223632812
2025-05-15 04:00:00,FMCG,80.5871810913086
2025-05-16 04:00:00,FMCG,81.51084899902344
2025-05-19 04:00:00,FMCG,81.74921417236328
2025-05-20 04:00:00,FMCG,82.03723907470703
2025-05-21 04:00:00,FMCG,81.08377838134766
2025-05-22 04:00:00,FMCG,80.74609375
2025-05-23 04:00:00,FMCG,81.04405212402344
2025-05-26 04:00:00,FMCG,81.04405212402344
2025-05-27 04:00:00,FMCG,81.77900695800781
2025-05-28 04:00:00,FMCG,81.22282409667969
2025-05-29 04:00:00,FMCG,81.55057525634766
2025-05-30 04:00:00,FMCG,82.26567077636719
2025-06-02 04:00:00,FMCG,82.3153305053711
2025-06-03 04:00:00,FMCG,82.23587799072266
2025-06-04 04:00:00,FMCG,81.65982818603516
2025-06-05 04:00:00,FMCG,80.87520599365234
2025-06-06 04:00:00,FMCG,81.13343811035156
2025-06-09 04:00:00,FMCG,81.02418518066406
2025-06-10 04:00:00,FMCG,81.20296478271484
2025-06-11 04:00:00,FMCG,80.92487335205078
2025-06-12 04:00:00,FMCG,81.40159606933594
2025-06-13 04:00:00,FMCG,80.40840911865234
2025-06-16 04:00:00,FMCG,80.66664123535156
2025-06-17 04:00:00,FMCG,79.98133850097656
2025-06-18 04:00:00,FMCG,79.88201904296875
2025-06-19 04:00:00,FMCG,79.88201904296875
2025-06-20 04:00:00,FMCG,80.46800231933594
2025-06-23 04:00:00,FMCG,81.4000015258789
2025-06-24 04:00:00,FMCG,81.33000183105469
2025-06-25 04:00:00,FMCG,80.23999786376953
2025-06-26 04:00:00,FMCG,80.16999816894531
2025-06-27 04:00:00,FMCG,80.55000305175781
2025-06-30 04:00:00,FMCG,80.97000122070312
2025-07-01 04:00:00,FMCG,81.9800033569336
2025-07-02 04:00:00,FMCG,82.22000122070312
2025-07-03 04:00:00,FMCG,82.18000030517578
2025-07-04 04:00:00,FMCG,82.18000030517578
2025-07-07 04:00:00,FMCG,82.11000061035156
2025-07-08 04:00:00,FMCG,81.3499984741211
2025-07-09 04:00:00,FMCG,80.81999969482422
2025-07-10 04:00:00,FMCG,81.11000061035156
2025-07-11 04:00:00,FMCG,80.80999755859375
2025-07-14 04:00:00,FMCG,80.87999725341797
2025-07-15 04:00:00,FMCG,80.06999969482422
2025-07-16 04:00:00,FMCG,80.3499984741211
2025-07-17 04:00:00,FMCG,81.11000061035156
2025-07-18 04:00:00,FMCG,80.88999938964844
2025-07-21 04:00:00,FMCG,80.87999725341797
2025-07-22 04:00:00,FMCG,81.62000274658203
2025-07-23 04:00:00,FMCG,81.6500015258789
2025-07-24 04:00:00,FMCG,81.36000061035156
2025-07-25 04:00:00,FMCG,81.5
2025-07-28 04:00:00,FMCG,80.66000366210938
2025-07-29 04:00:00,FMCG,81.19000244140625
2025-07-30 04:00:00,FMCG,80.47000122070312
2025-07-31 04:00:00,FMCG,79.77999877929688
2025-08-01 04:00:00,FMCG,80.16000366210938
2025-08-04 04:00:00,FMCG,80.55000305175781
2025-08-05 04:00:00,FMCG,80.47000122070312
2025-08-06 04:00:00,FMCG,81.62000274658203
2025-08-07 04:00:00,FMCG,82.23999786376953
2025-08-08 04:00:00,FMCG,82.4800033569336
2025-08-11 04:00:00,FMCG,82.41000366210938
2025-08-12 04:00:00,FMCG,82.62999725341797
2025-08-13 04:00:00,FMCG,82.62999725341797
2025-08-14 04:00:00,FMCG,81.88999938964844
2025-08-15 04:00:00,FMCG,82.0199966430664
2025-08-18 04:00:00,FMCG,81.91000366210938
2025-08-19 04:00:00,FMCG,82.75
2025-08-20 04:00:00,FMCG,83.22000122070312
2025-08-21 04:00:00,FMCG,82.47000122070312
2025-08-22 04:00:00,FMCG,82.47000122070312
2025-08-25 04:00:00,FMCG,81.05999755859375
2025-08-26 04:00:00,FMCG,80.52999877929688
2025-08-27 04:00:00,FMCG,80.7699966430664
2025-08-28 04:00:00,FMCG,80.26000213623047
2025-08-29 04:00:00,FMCG,80.77999877929688
2025-09-01 04:00:00,FMCG,80.77999877929688
2025-09-02 04:00:00,FMCG,80.6500015258789
2025-09-03 04:00:00,FMCG,80.58999633789062
2025-09-04 04:00:00,FMCG,80.63999938964844
2025-09-05 04:00:00,FMCG,80.87000274658203
2025-09-08 04:00:00,FMCG,80.56999969482422
2025-09-09 04:00:00,FMCG,80.7300033569336
2025-09-10 04:00:00,FMCG,79.94000244140625
2025-09-11 04:00:00,FMCG,80.58999633789062
2025-09-12 04:00:00,FMCG,80.30000305175781
2024-09-13 04:00:00,IT,218.9368896484375
2024-09-16 04:00:00,IT,218.1026306152344
2024-09-17 04:00:00,IT,217.675537109375
2024-09-18 04:00:00,IT,215.68919372558597
2024-09-19 04:00:00,IT,222.0951995849609
2024-09-20 04:00:00,IT,221.01263427734372
2024-09-23 04:00:00,IT,220.97183227539065
2024-09-24 04:00:00,IT,222.48419189453125
2024-09-25 04:00:00,IT,223.12098693847656
2024-09-26 04:00:00,IT,226.07601928710935
2024-09-27 04:00:00,IT,223.9667053222656
2024-09-30 04:00:00,IT,224.62335205078125
2024-10-01 04:00:00,IT,219.15106201171875
2024-10-02 04:00:00,IT,220.7728576660156
2024-10-03 04:00:00,IT,221.688232421875
2024-10-04 04:00:00,IT,224.15573120117188
2024-10-07 04:00:00,IT,222.6135406494141
2024-10-08 04:00:00,IT,226.7725067138672
2024-10-09 04:00:00,IT,229.3096466064453
2024-10-10 04:00:00,IT,229.24996948242188
2024-10-11 04:00:00,IT,229.64794921875
2024-10-14 04:00:00,IT,232.64279174804688
2024-10-15 04:00:00,IT,227.52867126464844
2024-10-16 04:00:00,IT,228.235107421875
2024-10-17 04:00:00,IT,228.93157958984372
2024-10-18 04:00:00,IT,229.74745178222656
2024-10-21 04:00:00,IT,230.822021484375
2024-10-22 04:00:00,IT,230.5832061767578
2024-10-23 04:00:00,IT,227.2799224853516
2024-10-24 04:00:00,IT,227.9465484619141
2024-10-25 04:00:00,IT,229.13055419921875
2024-10-28 04:00:00,IT,229.06092834472656
2024-10-29 04:00:00,IT,232.1453094482422
2024-10-30 04:00:00,IT,228.45399475097656
2024-10-31 04:00:00,IT,221.12109375
2024-11-01 04:00:00,IT,222.7826995849609
2024-11-04 04:00:00,IT,222.7826995849609
2024-11-05 04:00:00,IT,222.7826995849609
2024-11-06 04:00:00,IT,222.7826995849609
2024-11-07 04:00:00,IT,222.7826995849609
2024-11-08 04:00:00,IT,222.7826995849609
2024-11-11 04:00:00,IT,222.7826995849609
2024-11-12 04:00:00,IT,222.7826995849609
2024-11-13 04:00:00,IT,222.7826995849609
2024-11-14 04:00:00,IT,222.7826995849609
2024-11-15 04:00:00,IT,222.7826995849609
2024-11-18 04:00:00,IT,222.7826995849609
2024-11-19 04:00:00,IT,222.7826995849609
2024-11-20 04:00:00,IT,222.7826995849609
2024-11-21 04:00:00,IT,222.7826995849609
2024-11-22 04:00:00,IT,222.7826995849609
2024-11-25 04:00:00,IT,222.7826995849609
2024-11-26 04:00:00,IT,222.7826995849609
2024-11-27 04:00:00,IT,222.7826995849609
2024-11-28 04:00:00,IT,222.7826995849609
2024-11-29 04:00:00,IT,222.7826995849609
2024-12-02 04:00:00,IT,222.7826995849609
2024-12-03 04:00:00,IT,222.7826995849609
2024-12-04 04:00:00,IT,222.7826995849609
2024-12-05 04:00:00,IT,222.7826995849609
2024-12-06 04:00:00,IT,222.7826995849609
2024-12-09 04:00:00,IT,222.7826995849609
2024-12-10 04:00:00,IT,222.7826995849609
2024-12-11 04:00:00,IT,222.7826995849609
2024-12-12 04:00:00,IT,222.7826995849609
2024-12-13 04:00:00,IT,222.7826995849609
2024-12-16 04:00:00,IT,222.7826995849609
2024-12-17 04:00:00,IT,222.7826995849609
2024-12-18 04:00:00,IT,222.7826995849609
2024-12-19 04:00:00,IT,222.7826995849609
2024-12-20 04:00:00,IT,222.7826995849609
2024-12-23 04:00:00,IT,222.7826995849609
2024-12-24 04:00:00,IT,222.7826995849609
2024-12-25 04:00:00,IT,222.7826995849609
2024-12-26 04:00:00,IT,222.7826995849609
2024-12-27 04:00:00,IT,222.7826995849609
2024-12-30 04:00:00,IT,222.7826995849609
2024-12-31 04:00:00,IT,222.7826995849609
2025-01-01 04:00:00,IT,222.7826995849609
2025-01-02 04:00:00,IT,222.7826995849609
2025-01-03 04:00:00,IT,222.7826995849609
2025-01-06 04:00:00,IT,222.7826995849609
2025-01-07 04:00:00,IT,222.7826995849609
2025-01-08 04:00:00,IT,222.7826995849609
2025-01-09 04:00:00,IT,222.7826995849609
2025-01-10 04:00:00,IT,222.7826995849609
2025-01-13 04:00:00,IT,222.7826995849609
2025-01-14 04:00:00,IT,222.7826995849609
2025-01-15 04:00:00,IT,222.7826995849609
2025-01-16 04:00:00,IT,222.7826995849609
2025-01-17 04:00:00,IT,222.7826995849609
2025-01-20 04:00:00,IT,222.7826995849609
2025-01-21 04:00:00,IT,222.7826995849609
2025-01-22 04:00:00,IT,222.7826995849609
2025-01-23 04:00:00,IT,222.7826995849609
2025-01-24 04:00:00,IT,222.7826995849609
2025-01-27 04:00:00,IT,222.7826995849609
2025-01-28 04:00:00,IT,222.7826995849609
2025-01-29 04:00:00,IT,222.7826995849609
2025-01-30 04:00:00,IT,222.7826995849609
2025-01-31 04:00:00,IT,222.7826995849609
2025-02-03 04:00:00,IT,222.7826995849609
2025-02-04 04:00:00,IT,222.7826995849609
2025-02-05 04:00:00,IT,222.7826995849609
2025-02-06 04:00:00,IT,222.7826995849609
2025-02-07 04:00:00,IT,222.7826995849609
2025-02-10 04:00:00,IT,222.7826995849609
2025-02-11 04:00:00,IT,222.7826995849609
2025-02-12 04:00:00,IT,222.7826995849609
2025-02-13 04:00:00,IT,222.7826995849609
2025-02-14 04:00:00,IT,222.7826995849609
2025-02-17 04:00:00,IT,222.7826995849609
2025-02-18 04:00:00,IT,222.7826995849609
2025-02-19 04:00:00,IT,222.7826995849609
2025-02-20 04:00:00,IT,222.7826995849609
2025-02-21 04:00:00,IT,222.7826995849609
2025-02-24 04:00:00,IT,222.7826995849609
2025-02-25 04:00:00,IT,222.7826995849609
2025-02-26 04:00:00,IT,222.7826995849609
2025-02-27 04:00:00,IT,222.7826995849609
2025-02-28 04:00:00,IT,222.7826995849609
2025-03-03 04:00:00,IT,222.7826995849609
2025-03-04 04:00:00,IT,222.7826995849609
2025-03-05 04:00:00,IT,222.7826995849609
2025-03-06 04:00:00,IT,222.7826995849609
2025-03-07 04:00:00,IT,222.7826995849609
2025-03-10 04:00:00,IT,208.53762817382807
2025-03-11 04:00:00,IT,207.6905212402344
2025-03-12 04:00:00,IT,210.9593505859375
2025-03-13 04:00:00,IT,206.9530487060547
2025-03-14 04:00:00,IT,213.211669921875
2025-03-17 04:00:00,IT,214.6965789794922
2025-03-18 04:00:00,IT,211.42774963378903
2025-03-19 04:00:00,IT,214.17837524414065
2025-03-20 04:00:00,IT,212.6535797119141
2025-03-21 04:00:00,IT,213.2316131591797
2025-03-24 04:00:00,IT,217.26991271972656
2025-03-25 04:00:00,IT,217.9887237548828
2025-03-26 04:00:00,IT,213.12677001953125
2025-03-27 04:00:00,IT,211.16001892089844
2025-03-28 04:00:00,IT,206.0385284423828
2025-03-31 04:00:00,IT,206.1383514404297
2025-04-01 04:00:00,IT,207.64585876464844
2025-04-02 04:00:00,IT,209.1833038330078
2025-04-03 04:00:00,IT,194.90696716308597
2025-04-04 04:00:00,IT,182.0682373046875
2025-04-07 04:00:00,IT,183.1564483642578
2025-04-08 04:00:00,IT,179.4326171875
2025-04-09 04:00:00,IT,203.52268981933597
2025-04-10 04:00:00,IT,194.0483856201172
2025-04-11 04:00:00,IT,198.0218048095703
2025-04-14 04:00:00,IT,199.8288116455078
2025-04-15 04:00:00,IT,200.5576019287109
2025-04-16 04:00:00,IT,193.5891571044922
2025-04-17 04:00:00,IT,192.5408935546875
2025-04-18 04:00:00,IT,192.5408935546875
2025-04-21 04:00:00,IT,187.5691375732422
2025-04-22 04:00:00,IT,192.1415557861328
2025-04-23 04:00:00,IT,197.7123107910156
2025-04-24 04:00:00,IT,205.090087890625
2025-04-25 04:00:00,IT,208.12506103515625
2025-04-28 04:00:00,IT,207.7856292724609
2025-04-29 04:00:00,IT,208.7540283203125
2025-04-30 04:00:00,IT,209.62257385253903
2025-05-01 04:00:00,IT,212.69747924804688
2025-05-02 04:00:00,IT,216.2515869140625
2025-05-05 04:00:00,IT,215.1035003662109
2025-05-06 04:00:00,IT,213.3164520263672
2025-05-07 04:00:00,IT,215.45291137695312
2025-05-08 04:00:00,IT,217.50950622558597
2025-05-09 04:00:00,IT,217.23995971679688
2025-05-12 04:00:00,IT,227.3232421875
2025-05-13 04:00:00,IT,232.23509216308597
2025-05-14 04:00:00,IT,233.74261474609372
2025-05-15 04:00:00,IT,234.06207275390625
2025-05-16 04:00:00,IT,234.5013427734375
2025-05-19 04:00:00,IT,234.1619110107422
2025-05-20 04:00:00,IT,233.28335571289065
2025-05-21 04:00:00,IT,228.90061950683597
2025-05-22 04:00:00,IT,228.9605255126953
2025-05-23 04:00:00,IT,226.4347076416016
2025-05-26 04:00:00,IT,226.4347076416016
2025-05-27 04:00:00,IT,231.8157958984375
2025-05-28 04:00:00,IT,230.85739135742188
2025-05-29 04:00:00,IT,231.2467498779297
2025-05-30 04:00:00,IT,230.52793884277344
2025-06-02 04:00:00,IT,232.5645446777344
2025-06-03 04:00:00,IT,236.0587615966797
2025-06-04 04:00:00,IT,236.4081878662109
2025-06-05 04:00:00,IT,235.7393035888672
2025-06-06 04:00:00,IT,237.96560668945312
2025-06-09 04:00:00,IT,239.1336669921875
2025-06-10 04:00:00,IT,240.4714508056641
2025-06-11 04:00:00,IT,239.94232177734372
2025-06-12 04:00:00,IT,242.16864013671875
2025-06-13 04:00:00,IT,238.77426147460935
2025-06-16 04:00:00,IT,242.63784790039065
2025-06-17 04:00:00,IT,240.92071533203125
2025-06-18 04:00:00,IT,241.2102203369141
2025-06-19 04:00:00,IT,241.2102203369141
2025-06-20 04:00:00,IT,240.14198303222656
2025-06-23 04:00:00,IT,242.8800048828125
2025-06-24 04:00:00,IT,247.2400054931641
2025-06-25 04:00:00,IT,249.3500061035156
2025-06-26 04:00:00,IT,251.07000732421875
2025-06-27 04:00:00,IT,250.7700042724609
2025-06-30 04:00:00,IT,253.22999572753903
2025-07-01 04:00:00,IT,250.97000122070312
2025-07-02 04:00:00,IT,253.6199951171875
2025-07-03 04:00:00,IT,256.9599914550781
2025-07-04 04:00:00,IT,256.9599914550781
2025-07-07 04:00:00,IT,254.9199981689453
2025-07-08 04:00:00,IT,256.2900085449219
2025-07-09 04:00:00,IT,257.8299865722656
2025-07-10 04:00:00,IT,256.9800109863281
2025-07-11 04:00:00,IT,255.8500061035156
2025-07-14 04:00:00,IT,255.63999938964844
2025-07-15 04:00:00,IT,257.9100036621094
2025-07-16 04:00:00,IT,258.7099914550781
2025-07-17 04:00:00,IT,261.0599975585937
2025-07-18 04:00:00,IT,260.8900146484375
2025-07-21 04:00:00,IT,261.2300109863281
2025-07-22 04:00:00,IT,258.8099975585937
2025-07-23 04:00:00,IT,260.2900085449219
2025-07-24 04:00:00,IT,261.3900146484375
2025-07-25 04:00:00,IT,261.989990234375
2025-07-28 04:00:00,IT,264.0799865722656
2025-07-29 04:00:00,IT,264.0899963378906
2025-07-30 04:00:00,IT,264.67999267578125
2025-07-31 04:00:00,IT,262.739990234375
2025-08-01 04:00:00,IT,257.07000732421875
2025-08-04 04:00:00,IT,262.2900085449219
2025-08-05 04:00:00,IT,260.1199951171875
2025-08-06 04:00:00,IT,263.04998779296875
2025-08-07 04:00:00,IT,263.2900085449219
2025-08-08 04:00:00,IT,265.9200134277344
2025-08-11 04:00:00,IT,264.1199951171875
2025-08-12 04:00:00,IT,268.2099914550781
2025-08-13 04:00:00,IT,268.3099975585937
2025-08-14 04:00:00,IT,267.7300109863281
2025-08-15 04:00:00,IT,265.70001220703125
2025-08-18 04:00:00,IT,266.2699890136719
2025-08-19 04:00:00,IT,261.6199951171875
2025-08-20 04:00:00,IT,259.8500061035156
2025-08-21 04:00:00,IT,258.9100036621094
2025-08-22 04:00:00,IT,262.4200134277344
2025-08-25 04:00:00,IT,261.8299865722656
2025-08-26 04:00:00,IT,263.0299987792969
2025-08-27 04:00:00,IT,264.45001220703125
2025-08-28 04:00:00,IT,266.5400085449219
2025-08-29 04:00:00,IT,262.45001220703125
2025-09-01 04:00:00,IT,262.45001220703125
2025-09-02 04:00:00,IT,259.79998779296875
2025-09-03 04:00:00,IT,261.3500061035156
2025-09-04 04:00:00,IT,262.6400146484375
2025-09-05 04:00:00,IT,262.8599853515625
2025-09-08 04:00:00,IT,264.8299865722656
2025-09-09 04:00:00,IT,265.3399963378906
2025-09-10 04:00:00,IT,270.1499938964844
2025-09-11 04:00:00,IT,271.0599975585937
2025-09-12 04:00:00,IT,270.9800109863281
2024-09-13 04:00:00,Pharma,153.54856872558594
2024-09-16 04:00:00,Pharma,154.6105194091797
2024-09-17 04:00:00,Pharma,153.01759338378906
2024-09-18 04:00:00,Pharma,152.76194763183594
2024-09-19 04:00:00,Pharma,153.31259155273438
2024-09-20 04:00:00,Pharma,152.6832733154297
2024-09-23 04:00:00,Pharma,152.3842315673828
2024-09-24 04:00:00,Pharma,152.0782928466797
2024-09-25 04:00:00,Pharma,150.59786987304688
2024-09-26 04:00:00,Pharma,151.10122680664062
2024-09-27 04:00:00,Pharma,151.02227783203125
2024-09-30 04:00:00,Pharma,152.00921630859375
2024-10-01 04:00:00,Pharma,151.2097930908203
2024-10-02 04:00:00,Pharma,150.90382385253906
2024-10-03 04:00:00,Pharma,149.54185485839844
2024-10-04 04:00:00,Pharma,149.66029357910156
2024-10-07 04:00:00,Pharma,148.9990234375
2024-10-08 04:00:00,Pharma,149.8083038330078
2024-10-09 04:00:00,Pharma,151.33807373046875
2024-10-10 04:00:00,Pharma,150.77554321289062
2024-10-11 04:00:00,Pharma,151.8809051513672
2024-10-14 04:00:00,Pharma,152.7198028564453
2024-10-15 04:00:00,Pharma,150.85447692871094
2024-10-16 04:00:00,Pharma,151.2788543701172
2024-10-17 04:00:00,Pharma,150.40048217773438
2024-10-18 04:00:00,Pharma,151.13082885742188
2024-10-21 04:00:00,Pharma,149.3543243408203
2024-10-22 04:00:00,Pharma,149.13719177246094
2024-10-23 04:00:00,Pharma,148.43646240234375
2024-10-24 04:00:00,Pharma,147.45938110351562
2024-10-25 04:00:00,Pharma,146.65008544921875
2024-10-28 04:00:00,Pharma,146.86721801757812
2024-10-29 04:00:00,Pharma,146.4625701904297
2024-10-30 04:00:00,Pharma,146.1862335205078
2024-10-31 04:00:00,Pharma,144.9525604248047
2024-11-01 04:00:00,Pharma,145.8112030029297
2024-11-04 04:00:00,Pharma,145.8112030029297
2024-11-05 04:00:00,Pharma,145.8112030029297
2024-11-06 04:00:00,Pharma,145.8112030029297
2024-11-07 04:00:00,Pharma,145.8112030029297
2024-11-08 04:00:00,Pharma,145.8112030029297
2024-11-11 04:00:00,Pharma,145.8112030029297
2024-11-12 04:00:00,Pharma,145.8112030029297
2024-11-13 04:00:00,Pharma,145.8112030029297
2024-11-14 04:00:00,Pharma,145.8112030029297
2024-11-15 04:00:00,Pharma,145.8112030029297
2024-11-18 04:00:00,Pharma,145.8112030029297
2024-11-19 04:00:00,Pharma,145.8112030029297
2024-11-20 04:00:00,Pharma,145.8112030029297
2024-11-21 04:00:00,Pharma,145.8112030029297
2024-11-22 04:00:00,Pharma,145.8112030029297
2024-11-25 04:00:00,Pharma,145.8112030029297
2024-11-26 04:00:00,Pharma,145.8112030029297
2024-11-27 04:00:00,Pharma,145.8112030029297
2024-11-28 04:00:00,Pharma,145.8112030029297
2024-11-29 04:00:00,Pharma,145.8112030029297
2024-12-02 04:00:00,Pharma,145.8112030029297
2024-12-03 04:00:00,Pharma,145.8112030029297
2024-12-04 04:00:00,Pharma,145.8112030029297
2024-12-05 04:00:00,Pharma,145.8112030029297
2024-12-06 04:00:00,Pharma,145.8112030029297
2024-12-09 04:00:00,Pharma,145.8112030029297
2024-12-10 04:00:00,Pharma,145.8112030029297
2024-12-11 04:00:00,Pharma,145.8112030029297
2024-12-12 04:00:00,Pharma,145.8112030029297
2024-12-13 04:00:00,Pharma,145.8112030029297
2024-12-16 04:00:00,Pharma,145.8112030029297
2024-12-17 04:00:00,Pharma,145.8112030029297
2024-12-18 04:00:00,Pharma,145.8112030029297
2024-12-19 04:00:00,Pharma,145.8112030029297
2024-12-20 04:00:00,Pharma,145.8112030029297
2024-12-23 04:00:00,Pharma,145.8112030029297
2024-12-24 04:00:00,Pharma,145.8112030029297
2024-12-25 04:00:00,Pharma,145.8112030029297
2024-12-26 04:00:00,Pharma,145.8112030029297
2024-12-27 04:00:00,Pharma,145.8112030029297
2024-12-30 04:00:00,Pharma,145.8112030029297
2024-12-31 04:00:00,Pharma,145.8112030029297
2025-01-01 04:00:00,Pharma,145.8112030029297
2025-01-02 04:00:00,Pharma,145.8112030029297
2025-01-03 04:00:00,Pharma,145.8112030029297
2025-01-06 04:00:00,Pharma,145.8112030029297
2025-01-07 04:00:00,Pharma,145.8112030029297
2025-01-08 04:00:00,Pharma,145.8112030029297
2025-01-09 04:00:00,Pharma,145.8112030029297
2025-01-10 04:00:00,Pharma,145.8112030029297
2025-01-13 04:00:00,Pharma,145.8112030029297
2025-01-14 04:00:00,Pharma,145.8112030029297
2025-01-15 04:00:00,Pharma,145.8112030029297
2025-01-16 04:00:00,Pharma,145.8112030029297
2025-01-17 04:00:00,Pharma,145.8112030029297
2025-01-20 04:00:00,Pharma,145.8112030029297
2025-01-21 04:00:00,Pharma,145.8112030029297
2025-01-22 04:00:00,Pharma,145.8112030029297
2025-01-23 04:00:00,Pharma,145.8112030029297
2025-01-24 04:00:00,Pharma,145.8112030029297
2025-01-27 04:00:00,Pharma,145.8112030029297
2025-01-28 04:00:00,Pharma,145.8112030029297
2025-01-29 04:00:00,Pharma,145.8112030029297
2025-01-30 04:00:00,Pharma,145.8112030029297
2025-01-31 04:00:00,Pharma,145.8112030029297
2025-02-03 04:00:00,Pharma,145.8112030029297
2025-02-04 04:00:00,Pharma,145.8112030029297
2025-02-05 04:00:00,Pharma,145.8112030029297
2025-02-06 04:00:00,Pharma,145.8112030029297
2025-02-07 04:00:00,Pharma,145.8112030029297
2025-02-10 04:00:00,Pharma,145.8112030029297
2025-02-11 04:00:00,Pharma,145.8112030029297
2025-02-12 04:00:00,Pharma,145.8112030029297
2025-02-13 04:00:00,Pharma,145.8112030029297
2025-02-14 04:00:00,Pharma,145.8112030029297
2025-02-17 04:00:00,Pharma,145.8112030029297
2025-02-18 04:00:00,Pharma,145.8112030029297
2025-02-19 04:00:00,Pharma,145.8112030029297
2025-02-20 04:00:00,Pharma,145.8112030029297
2025-02-21 04:00:00,Pharma,145.8112030029297
2025-02-24 04:00:00,Pharma,145.8112030029297
2025-02-25 04:00:00,Pharma,145.8112030029297
2025-02-26 04:00:00,Pharma,145.8112030029297
2025-02-27 04:00:00,Pharma,145.8112030029297
2025-02-28 04:00:00,Pharma,145.8112030029297
2025-03-03 04:00:00,Pharma,145.8112030029297
2025-03-04 04:00:00,Pharma,145.8112030029297
2025-03-05 04:00:00,Pharma,145.8112030029297
2025-03-06 04:00:00,Pharma,145.8112030029297
2025-03-07 04:00:00,Pharma,145.8112030029297
2025-03-10 04:00:00,Pharma,146.4019775390625
2025-03-11 04:00:00,Pharma,144.8057861328125
2025-03-12 04:00:00,Pharma,143.35833740234375
2025-03-13 04:00:00,Pharma,142.59495544433594
2025-03-14 04:00:00,Pharma,143.6855010986328
2025-03-17 04:00:00,Pharma,145.50970458984375
2025-03-18 04:00:00,Pharma,145.57908630371094
2025-03-19 04:00:00,Pharma,145.65841674804688
2025-03-20 04:00:00,Pharma,145.7476348876953
2025-03-21 04:00:00,Pharma,145.34117126464844
2025-03-24 04:00:00,Pharma,146.45086669921875
2025-03-25 04:00:00,Pharma,144.57980346679688
2025-03-26 04:00:00,Pharma,144.0523223876953
2025-03-27 04:00:00,Pharma,144.28123474121094
2025-03-28 04:00:00,Pharma,143.8333740234375
2025-03-31 04:00:00,Pharma,145.3162841796875
2025-04-01 04:00:00,Pharma,142.65896606445312
2025-04-02 04:00:00,Pharma,143.61441040039062
2025-04-03 04:00:00,Pharma,142.44996643066406
2025-04-04 04:00:00,Pharma,134.63726806640625
2025-04-07 04:00:00,Pharma,133.83111572265625
2025-04-08 04:00:00,Pharma,132.3481903076172
2025-04-09 04:00:00,Pharma,138.10072326660156
2025-04-10 04:00:00,Pharma,134.24911499023438
2025-04-11 04:00:00,Pharma,136.21971130371094
2025-04-14 04:00:00,Pharma,137.88177490234375
2025-04-15 04:00:00,Pharma,137.0358123779297
2025-04-16 04:00:00,Pharma,135.6424560546875
2025-04-17 04:00:00,Pharma,134.8462677001953
2025-04-18 04:00:00,Pharma,134.8462677001953
2025-04-21 04:00:00,Pharma,131.94015502929688
2025-04-22 04:00:00,Pharma,134.41830444335938
2025-04-23 04:00:00,Pharma,135.0851287841797
2025-04-24 04:00:00,Pharma,136.73724365234375
2025-04-25 04:00:00,Pharma,137.39410400390625
2025-04-28 04:00:00,Pharma,137.94149780273438
2025-04-29 04:00:00,Pharma,138.61825561523438
2025-04-30 04:00:00,Pharma,139.8026123046875
2025-05-01 04:00:00,Pharma,135.9907989501953
2025-05-02 04:00:00,Pharma,137.871826171875
2025-05-05 04:00:00,Pharma,137.48367309570312
2025-05-06 04:00:00,Pharma,133.69178771972656
2025-05-07 04:00:00,Pharma,134.71688842773438
2025-05-08 04:00:00,Pharma,133.502685546875
2025-05-09 04:00:00,Pharma,132.0496063232422
2025-05-12 04:00:00,Pharma,135.3140411376953
2025-05-13 04:00:00,Pharma,131.2434539794922
2025-05-14 04:00:00,Pharma,128.158203125
2025-05-15 04:00:00,Pharma,129.84017944335938
2025-05-16 04:00:00,Pharma,132.45767211914062
2025-05-19 04:00:00,Pharma,133.73158264160156
2025-05-20 04:00:00,Pharma,134.0600128173828
2025-05-21 04:00:00,Pharma,130.95484924316406
2025-05-22 04:00:00,Pharma,129.92974853515625
2025-05-23 04:00:00,Pharma,129.72073364257812
2025-05-26 04:00:00,Pharma,129.72073364257812
2025-05-27 04:00:00,Pharma,131.53208923339844
2025-05-28 04:00:00,Pharma,130.85531616210938
2025-05-29 04:00:00,Pharma,131.73114013671875
2025-05-30 04:00:00,Pharma,132.0098114013672
2025-06-02 04:00:00,Pharma,132.0894317626953
2025-06-03 04:00:00,Pharma,132.39794921875
2025-06-04 04:00:00,Pharma,132.65670776367188
2025-06-05 04:00:00,Pharma,132.47756958007812
2025-06-06 04:00:00,Pharma,133.74154663085938
2025-06-09 04:00:00,Pharma,133.51263427734375
2025-06-10 04:00:00,Pharma,135.0353546142578
2025-06-11 04:00:00,Pharma,135.1050262451172
2025-06-12 04:00:00,Pharma,136.1599884033203
2025-06-13 04:00:00,Pharma,135.4832305908203
2025-06-16 04:00:00,Pharma,135.0652313232422
2025-06-17 04:00:00,Pharma,132.8358612060547
2025-06-18 04:00:00,Pharma,132.60696411132812
2025-06-19 04:00:00,Pharma,132.60696411132812
2025-06-20 04:00:00,Pharma,131.97000122070312
2025-06-23 04:00:00,Pharma,132.16000366210938
2025-06-24 04:00:00,Pharma,133.77999877929688
2025-06-25 04:00:00,Pharma,133.89999389648438
2025-06-26 04:00:00,Pharma,134.22000122070312
2025-06-27 04:00:00,Pharma,133.92999267578125
2025-06-30 04:00:00,Pharma,134.7899932861328
2025-07-01 04:00:00,Pharma,136.7100067138672
2025-07-02 04:00:00,Pharma,135.36000061035156
2025-07-03 04:00:00,Pharma,135.5
2025-07-04 04:00:00,Pharma,135.5
2025-07-07 04:00:00,Pharma,134.36000061035156
2025-07-08 04:00:00,Pharma,134.97000122070312
2025-07-09 04:00:00,Pharma,135.49000549316406
2025-07-10 04:00:00,Pharma,136.32000732421875
2025-07-11 04:00:00,Pharma,135.19000244140625
2025-07-14 04:00:00,Pharma,135.02999877929688
2025-07-15 04:00:00,Pharma,132.60000610351562
2025-07-16 04:00:00,Pharma,134.25
2025-07-17 04:00:00,Pharma,132.72000122070312
2025-07-18 04:00:00,Pharma,131.83999633789062
2025-07-21 04:00:00,Pharma,131.08999633789062
2025-07-22 04:00:00,Pharma,133.52999877929688
2025-07-23 04:00:00,Pharma,136.27000427246094
2025-07-24 04:00:00,Pharma,135.75999450683594
2025-07-25 04:00:00,Pharma,136.47999572753906
2025-07-28 04:00:00,Pharma,135.2899932861328
2025-07-29 04:00:00,Pharma,134.42999267578125
2025-07-30 04:00:00,Pharma,134.19000244140625
2025-07-31 04:00:00,Pharma,130.42999267578125
2025-08-01 04:00:00,Pharma,131.1300048828125
2025-08-04 04:00:00,Pharma,133.00999450683594
2025-08-05 04:00:00,Pharma,132.5
2025-08-06 04:00:00,Pharma,130.50999450683594
2025-08-07 04:00:00,Pharma,129.00999450683594
2025-08-08 04:00:00,Pharma,130.16000366210938
2025-08-11 04:00:00,Pharma,130.2899932861328
2025-08-12 04:00:00,Pharma,131.19000244140625
2025-08-13 04:00:00,Pharma,133.2899932861328
2025-08-14 04:00:00,Pharma,133.9600067138672
2025-08-15 04:00:00,Pharma,136.2100067138672
2025-08-18 04:00:00,Pharma,135.88999938964844
2025-08-19 04:00:00,Pharma,136.75999450683594
2025-08-20 04:00:00,Pharma,137.5
2025-08-21 04:00:00,Pharma,137.0399932861328
2025-08-22 04:00:00,Pharma,138.1699981689453
2025-08-25 04:00:00,Pharma,136.1999969482422
2025-08-26 04:00:00,Pharma,137.0500030517578
2025-08-27 04:00:00,Pharma,136.97000122070312
2025-08-28 04:00:00,Pharma,136.42999267578125
2025-08-29 04:00:00,Pharma,137.42999267578125
2025-09-01 04:00:00,Pharma,137.42999267578125
2025-09-02 04:00:00,Pharma,137.55999755859375
2025-09-03 04:00:00,Pharma,136.91000366210938
2025-09-04 04:00:00,Pharma,137.42999267578125
2025-09-05 04:00:00,Pharma,137.89999389648438
2025-09-08 04:00:00,Pharma,137.85000610351562
2025-09-09 04:00:00,Pharma,138.58999633789062
2025-09-10 04:00:00,Pharma,137.3300018310547
2025-09-11 04:00:00,Pharma,139.72000122070312
2025-09-12 04:00:00,Pharma,138.55360412597656
